[fileType],Electrode
[electrodeType],DIXI15
[trajectory],electR2,-5.46277,48.447,-3.58882,-27.8179,48.447,36.9034,0,
[contact],electR21,0,-5.94609,48.447,-2.71337,,0,-1,0,
[contact],electR22,1,-7.63771,48.447,0.350682,,0,-1,0,
[contact],electR23,2,-9.32932,48.447,3.41474,,0,-1,0,
[contact],electR24,3,-11.0209,48.447,6.47879,,0,-1,0,
[contact],electR25,4,-12.7125,48.447,9.54285,,0,-1,0,
[contact],electR26,5,-14.4042,48.447,12.6069,,0,-1,0,
[contact],electR27,6,-16.0958,48.447,15.671,,0,-1,0,
[contact],electR28,7,-17.7874,48.447,18.735,,0,-1,0,
[contact],electR29,8,-19.479,48.447,21.7991,,0,-1,0,
[contact],electR210,9,-21.1706,48.447,24.8631,,0,-1,0,
[contact],electR211,10,-22.8622,48.447,27.9272,,0,-1,0,
[contact],electR212,11,-24.5539,48.447,30.9912,,0,-1,0,
[contact],electR213,12,-26.2455,48.447,34.0553,,0,-1,0,
[contact],electR214,13,-27.9371,48.447,37.1194,,0,-1,0,
[contact],electR215,14,-29.6287,48.447,40.1834,,0,-1,0,
[channel],electR21-2,0,-5.94609,48.447,-2.71337,-7.63771,48.447,0.350682,,0,-1,0,
[channel],electR22-3,1,-7.63771,48.447,0.350682,-9.32932,48.447,3.41474,,0,-1,0,
[channel],electR23-4,2,-9.32932,48.447,3.41474,-11.0209,48.447,6.47879,,0,-1,0,
[channel],electR24-5,3,-11.0209,48.447,6.47879,-12.7125,48.447,9.54285,,0,-1,0,
[channel],electR25-6,4,-12.7125,48.447,9.54285,-14.4042,48.447,12.6069,,0,-1,0,
[channel],electR26-7,5,-14.4042,48.447,12.6069,-16.0958,48.447,15.671,,0,-1,0,
[channel],electR27-8,6,-16.0958,48.447,15.671,-17.7874,48.447,18.735,,0,-1,0,
[channel],electR28-9,7,-17.7874,48.447,18.735,-19.479,48.447,21.7991,,0,-1,0,
[channel],electR29-10,8,-19.479,48.447,21.7991,-21.1706,48.447,24.8631,,0,-1,0,
[channel],electR210-11,9,-21.1706,48.447,24.8631,-22.8622,48.447,27.9272,,0,-1,0,
[channel],electR211-12,10,-22.8622,48.447,27.9272,-24.5539,48.447,30.9912,,0,-1,0,
[channel],electR212-13,11,-24.5539,48.447,30.9912,-26.2455,48.447,34.0553,,0,-1,0,
[channel],electR213-14,12,-26.2455,48.447,34.0553,-27.9371,48.447,37.1194,,0,-1,0,
[channel],electR214-15,13,-27.9371,48.447,37.1194,-29.6287,48.447,40.1834,,0,-1,0,
[order],ContactName,indexContact,X,Y,Z,Location,ProbaOfLocation,IsLocSet
[order],ChannelName,indexChannel,X1,Y1,Z1,X2,Y2,Z2,Location,ProbaOfLocation,IsLocSet
